Date,Open,High,Low,Close,Adj Close,Volume
9/22/14,92.699997,92.949997,89.5,89.889999,89.889999,66657800
9/23/14,88.940002,90.480003,86.620003,87.169998,87.169998,39009800
9/24/14,88.470001,90.57,87.220001,90.57,90.57,32088000
9/25/14,91.089996,91.5,88.5,88.919998,88.919998,28598000
9/26/14,89.730003,90.459999,88.660004,90.459999,90.459999,18340000
9/29/14,89.620003,89.699997,88.019997,88.75,88.75,25302000
9/30/14,89,90.879997,88.459999,88.849998,88.849998,24419400
10/1/14,88.699997,88.940002,86.040001,86.099998,86.099998,24029600
10/2/14,86.269997,88.199997,85.611,87.059998,87.059998,21469700
10/3/14,88.099998,89.940002,87.650002,88.099998,88.099998,18485700
10/6/14,89.150002,89.650002,88.059998,88.309998,88.309998,9268400
10/7/14,87.949997,89.699997,87.059998,87.669998,87.669998,12791700
10/8/14,88,88.5,87.059998,88.300003,88.300003,10252600
10/9/14,88.510002,90.349998,88,88.790001,88.790001,21507000
10/10/14,88.25,88.739998,85.239998,85.879997,85.879997,15431400
10/13/14,86.849998,86.889999,84.919998,85.120003,85.120003,14845000
10/14/14,85.809998,85.879997,83.220001,84.949997,84.949997,15559200
10/15/14,84.040001,86.489998,82.809998,85.599998,85.599998,16824300
10/16/14,84.980003,89.175003,84.014999,88.849998,88.849998,15232000
10/17/14,90.400002,90.900002,87.669998,87.910004,87.910004,17360700
10/20/14,88,89.5,87.860001,88.260002,88.260002,9891400
10/21/14,89.099998,92.5,88.5,90.900002,90.900002,23243800
10/22/14,92.25,93.5,91.010002,91.629997,91.629997,20364500
10/23/14,92.919998,94.699997,92.82,94.449997,94.449997,20641000
10/24/14,95.07,98,94.779999,95.760002,95.760002,32132600
10/27/14,97,98.849998,96.300003,97.790001,97.790001,28302400
10/28/14,99.839996,100.669998,98.610001,99.68,99.68,32127600
10/29/14,99.879997,100,96.82,98.309998,98.309998,28655400
10/30/14,98.480003,99.440002,97.300003,98.730003,98.730003,15484600
10/31/14,100.099998,100.220001,98.136002,98.599998,98.599998,18128300
11/3/14,99.669998,102.800003,99.050003,101.800003,101.800003,40883700
11/4/14,100.425003,106.359001,99.510002,106.07,106.07,67814000
11/5/14,108.480003,110.139999,106.480003,108.669998,108.669998,48344000
11/6/14,109.300003,111.699997,107.209999,111.57,111.57,33609000
11/7/14,112.93,114.769997,111.75,114.559998,114.559998,51457000
11/10/14,117.269997,119.449997,115.199997,119.150002,119.150002,75971000
11/11/14,117.25,117.550003,113.690002,114.540001,114.540001,70983600
11/12/14,115.050003,119.07,114.019997,118.199997,118.199997,53908000
11/13/14,119.300003,120,114.550003,114.839996,114.839996,62163000
11/14/14,115.059998,115.389999,113.349998,115.099998,115.099998,29849000
11/17/14,115.440002,115.629997,113.129997,114.25,114.25,22573000
11/18/14,114.330002,114.379997,110.410004,110.809998,110.809998,41098000
11/19/14,109.830002,110.68,107.220001,108.82,108.82,46841000
11/20/14,107.809998,112.440002,107.260002,109.82,109.82,36489000
11/21/14,113.209999,113.5,110.434998,110.730003,110.730003,27432000
11/24/14,112,113.93,111.550003,113.919998,113.919998,20646000
11/25/14,114.940002,115.169998,112.330002,113.470001,113.470001,23485000
11/26/14,113.330002,113.739998,112.330002,112.669998,112.669998,11794700
11/28/14,113.139999,113.230003,111.110001,111.639999,111.639999,8077800
12/1/14,110.019997,110.050003,103.896004,105.989998,105.989998,38464200
12/2/14,107.349998,110,106.610001,109.889999,109.889999,18785000
12/3/14,110.400002,111.68,108.797997,110.639999,110.639999,16221100
12/4/14,110.099998,110.5,108.910004,109.169998,109.169998,10779300
12/5/14,109.599998,110.349998,107.760002,107.900002,107.900002,12148100
12/8/14,105.970001,107.400002,104.209999,105.07,105.07,19217300
12/9/14,102.269997,107.949997,101.199997,107.480003,107.480003,24866800
12/10/14,107.089996,107.379997,103.510002,103.879997,103.879997,18466700
12/11/14,104.440002,106.839996,104.290001,104.970001,104.970001,15684300
12/12/14,104.699997,107.449997,104.179001,105.110001,105.110001,14537600
12/15/14,106.389999,107.769997,103.699997,104.699997,104.699997,16521800
12/16/14,103.75,107.68,103.699997,105.769997,105.769997,21700600
12/17/14,107.110001,109.190002,106.279999,109.019997,109.019997,17311100
12/18/14,110.580002,111.199997,108.260002,109.25,109.25,22788100
12/19/14,109.93,110.650002,108.040001,110.650002,110.650002,14857800
12/22/14,110.629997,110.980003,108.529999,108.769997,108.769997,13041200
12/23/14,108.300003,108.470001,103.879997,105.519997,105.519997,19096300
12/24/14,105.68,107.209999,105.599998,105.949997,105.949997,5870400
12/26/14,105.989998,106.940002,105.5,105.949997,105.949997,6529100
12/29/14,105.949997,107.660004,105.639999,105.980003,105.980003,8068600
12/30/14,105.639999,106.709999,105.129997,105.75,105.75,10205700
12/31/14,106.459999,106.470001,103.690002,103.940002,103.940002,10221600
1/2/15,104.239998,104.720001,102.519997,103.599998,103.599998,12303400
1/5/15,102.760002,103.019997,99.900002,101,101,18337000
1/6/15,101.25,103.849998,100.110001,103.32,103.32,15720400
1/7/15,104.589996,104.739998,102.029999,102.129997,102.129997,11052200
1/8/15,102.949997,105.339996,102.68,105.029999,105.029999,12942100
1/9/15,105.239998,105.300003,102.889999,103.019997,103.019997,10222200
1/12/15,103.199997,103.360001,101.209999,101.620003,101.620003,7997200
1/13/15,102.589996,102.849998,100.010002,100.769997,100.769997,11294400
1/14/15,99.279999,100.18,98.059998,99.580002,99.580002,17808000
1/15/15,99.669998,100.139999,96.019997,96.309998,96.309998,18260100
1/16/15,96.089996,97.800003,95.519997,96.889999,96.889999,13327900
1/20/15,98.300003,100.209999,97.589996,100.040001,100.040001,12105600
1/21/15,100.75,103.860001,100.32,103.290001,103.290001,15186900
1/22/15,104.599998,104.919998,103.099998,104,104,11433000
1/23/15,104.019997,105.199997,103.019997,103.110001,103.110001,9873800
1/26/15,104.400002,105.129997,103.330002,103.989998,103.989998,10664900
1/27/15,102.889999,103.57,100.580002,102.940002,102.940002,15659900
1/28/15,100.300003,101.489998,97.790001,98.449997,98.449997,42144700
1/29/15,90.529999,90.739998,87.360001,89.809998,89.809998,76561400
1/30/15,89.599998,92,88.110001,89.080002,89.080002,36806900
2/2/15,91.129997,91.660004,88.610001,90.129997,90.129997,18865300
2/3/15,91.650002,91.650002,89.900002,90.610001,90.610001,13512300
2/4/15,90.989998,91.879997,89.480003,90,90,14643600
2/5/15,89.580002,89.839996,86.099998,87,87,28926200
2/6/15,87.110001,87.400002,85.419998,85.68,85.68,17632100
2/9/15,85.830002,86.75,85.470001,86,86,12109500
2/10/15,87.010002,87.470001,86.519997,87.260002,87.260002,12043300
2/11/15,87.580002,87.699997,85.82,86,86,12391900
2/12/15,85.599998,88.300003,85.550003,87.099998,87.099998,15177800
2/13/15,88.199997,89.300003,87.650002,89.050003,89.050003,14665200
2/17/15,88.779999,88.989998,86.699997,86.849998,86.849998,15191700
2/18/15,87.099998,87.43,86.5,86.739998,86.739998,7422300
2/19/15,86.809998,87.870003,86.709999,86.889999,86.889999,7604100
2/20/15,87.25,87.290001,86.379997,86.639999,86.639999,7821700
2/23/15,86.510002,86.68,85.25,85.470001,85.470001,9367900
2/24/15,85.529999,85.529999,83.879997,84.690002,84.690002,15846400
2/25/15,84.379997,86.830002,84.360001,86.190002,86.190002,13645700
2/26/15,86.919998,87.160004,85.199997,85.370003,85.370003,8763300
2/27/15,85.949997,86.559998,85,85.120003,85.120003,8377200
3/2/15,85,85.019997,83.75,84,84,11213400
3/3/15,82.949997,83.25,80.029999,81.580002,81.580002,39246100
3/4/15,80.269997,85.825996,80.169998,85.489998,85.489998,36607200
3/5/15,85.75,86.269997,84.010002,86.099998,86.099998,18514800
3/6/15,85.739998,86,84.050003,84.400002,84.400002,10673700
3/9/15,84.349998,84.349998,81.480003,82.529999,82.529999,17616500
3/10/15,81.089996,83.150002,80.650002,82.970001,82.970001,13817000
3/11/15,83,83.379997,81.190002,81.989998,81.989998,12768700
3/12/15,82.099998,82.900002,81.529999,81.919998,81.919998,11232000
3/13/15,81.800003,81.919998,80.769997,81.860001,81.860001,12663300
3/16/15,82.010002,85.199997,81.940002,84,84,16905700
3/17/15,84.010002,85.099998,83.510002,84.5,84.5,17639000
3/18/15,83.870003,85.949997,83.300003,84.589996,84.589996,35663000
3/19/15,85.110001,87.040001,85,85.739998,85.739998,30454700
3/20/15,86.330002,86.800003,85.089996,85.199997,85.199997,21181500
3/23/15,85.25,85.529999,84.209999,84.25,84.25,11184000
3/24/15,84.349998,84.5,82.389999,83.629997,83.629997,14545100
3/25/15,83.940002,84.480003,82.669998,83.75,83.75,13507200
3/26/15,83.199997,84.995003,82.959999,84.169998,84.169998,12208000
3/27/15,84.779999,85.150002,83.339996,84.580002,84.580002,9703800
3/30/15,85.029999,85.150002,83.75,83.900002,83.900002,10020500
3/31/15,83.639999,84.449997,83.199997,83.239998,83.239998,11812900
4/1/15,83.370003,83.720001,82.18,82.360001,82.360001,14896400
4/2/15,82.879997,83,81.25,82.279999,82.279999,19868200
4/6/15,82.050003,82.589996,81.613998,81.82,81.82,12810500
4/7/15,81.940002,82.949997,81.879997,82.209999,82.209999,9443000
4/8/15,83.300003,85.540001,83.066002,85.389999,85.389999,26161500
4/9/15,87.029999,87.690002,85.199997,86.139999,86.139999,27800400
4/10/15,86.68,86.690002,84.150002,84.580002,84.580002,18300300
4/13/15,85.160004,85.709999,83.82,84.279999,84.279999,15797100
4/14/15,84.629997,85.129997,83.529999,85,85,11819000
4/15/15,85.080002,85.360001,84.160004,84.669998,84.669998,12225800
4/16/15,85.150002,85.400002,83.889999,84.059998,84.059998,12048600
4/17/15,83.080002,83.25,81.610001,81.900002,81.900002,22791800
4/20/15,82.25,82.690002,81.519997,82.199997,82.199997,13471000
4/21/15,82.860001,82.919998,82.139999,82.419998,82.419998,10056000
4/22/15,82.779999,82.839996,81.519997,82.050003,82.050003,13316900
4/23/15,81.879997,82.75,81.620003,82.279999,82.279999,11483300
4/24/15,82.879997,84.989998,82.800003,84.57,84.57,21058400
4/27/15,85.529999,86.269997,84.650002,84.900002,84.900002,17434200
4/28/15,85.540001,85.57,83.82,85.080002,85.080002,11110500
4/29/15,84.059998,84.400002,81.639999,82.449997,82.449997,21098000
4/30/15,82.220001,82.650002,80.440002,81.290001,81.290001,14209700
5/1/15,81.029999,82.25,80.110001,81.169998,81.169998,17910500
5/4/15,81.169998,81.559998,80.120003,80.589996,80.589996,21551500
5/5/15,80.440002,80.900002,77.769997,79.540001,79.540001,32661900
5/6/15,79.650002,80.849998,79.510002,80,80,24953500
5/7/15,88.830002,89.290001,84.910004,86,86,69448800
5/8/15,87.82,88.269997,86.889999,87.059998,87.059998,30140600
5/11/15,86.699997,87.669998,86.059998,86.720001,86.720001,19776900
5/12/15,87.050003,87.5,86.139999,86.769997,86.769997,16077800
5/13/15,87.080002,88.470001,87,87.529999,87.529999,19015900
5/14/15,87.739998,88.480003,87.529999,88.400002,88.400002,12087900
5/15/15,88.510002,88.959999,88.050003,88.459999,88.459999,13424600
5/18/15,87.610001,87.93,86.610001,87.110001,87.110001,13490200
5/19/15,86.989998,88.800003,86.470001,88.209999,88.209999,20727700
5/20/15,88.139999,90.800003,87.300003,90.699997,90.699997,29812300
5/21/15,91.349998,94.769997,90.919998,93.879997,93.879997,40729400
5/22/15,94.279999,95.059998,93.190002,93.269997,93.269997,22183300
5/26/15,93.650002,93.919998,91.550003,92.519997,92.519997,15674900
5/27/15,92.220001,92.989998,91.599998,92.599998,92.599998,9519300
5/28/15,91.690002,91.93,90.580002,90.949997,90.949997,14213000
5/29/15,91.349998,91.5,89.32,89.32,89.32,13893200
6/1/15,90.089996,90.989998,89.489998,90.779999,90.779999,9905900
6/2/15,90.550003,91.540001,90.190002,90.510002,90.510002,9865300
6/3/15,90.510002,91.040001,89.900002,90.790001,90.790001,9428000
6/4/15,90.709999,91.410004,90.269997,90.589996,90.589996,8689000
6/5/15,90.459999,91.599998,90.459999,90.709999,90.709999,11353900
6/8/15,90.650002,91.599998,88.242996,88.290001,88.290001,15603000
6/9/15,88.040001,88.18,86.120003,87.580002,87.580002,16081800
6/10/15,87.699997,88.989998,87.199997,88.900002,88.900002,12551300
6/11/15,89.029999,89.480003,87.099998,87.209999,87.209999,13716200
6/12/15,87.419998,87.790001,86.480003,86.629997,86.629997,9977100
6/15/15,86.300003,87.169998,86.050003,86.120003,86.120003,10230400
6/16/15,86.002998,86.699997,85.610001,86.089996,86.089996,10974200
6/17/15,86.580002,87.800003,86.480003,86.800003,86.800003,10241500
6/18/15,86.970001,87.589996,86.32,86.75,86.75,11737200
6/19/15,86.510002,86.599998,85.169998,85.739998,85.739998,10317000
6/22/15,86.07,86.400002,85.580002,85.68,85.68,7154200
6/23/15,85.980003,86.339996,84.830002,85.080002,85.080002,11411300
6/24/15,85.163002,85.809998,84.849998,85.169998,85.169998,9434300
6/25/15,85.470001,85.599998,84.900002,85.239998,85.239998,8949800
6/26/15,84.629997,84.650002,82.82,83.279999,83.279999,12668600
6/29/15,83.279999,83.279999,80.800003,81.07,81.07,15199800
6/30/15,82.580002,83.690002,81.959999,82.269997,82.269997,12551400
7/1/15,82.599998,83,81.989998,82.459999,82.459999,5950000
7/2/15,82.120003,82.32,81.779999,82.07,82.07,6760200
7/6/15,80.559998,81.5,80.120003,80.230003,80.230003,11864200
7/7/15,79.449997,79.790001,76.209999,79.620003,79.620003,34221700
7/8/15,76.580002,78.790001,76.220001,77.940002,77.940002,22714900
7/9/15,80.93,81.190002,79.040001,79.040001,79.040001,19778700
7/10/15,81.129997,81.199997,79.839996,80.300003,80.300003,11224500
7/13/15,80.919998,82.199997,80.699997,81.860001,81.860001,10350500
7/14/15,81.580002,82.019997,81.129997,81.5,81.5,7519300
7/15/15,80.900002,81.5,80.209999,80.730003,80.730003,9514200
7/16/15,81.389999,82,80.900002,81.529999,81.529999,8604500
7/17/15,81.989998,83.699997,81.580002,83.360001,83.360001,14505400
7/20/15,83.559998,83.68,82.050003,82.669998,82.669998,8126100
7/21/15,83.110001,83.25,82.220001,82.540001,82.540001,5750700
7/22/15,82.160004,84.75,82,84.150002,84.150002,11209200
7/23/15,84.660004,84.970001,83.25,83.879997,83.879997,7452300
7/24/15,85.169998,85.379997,82.650002,83.019997,83.019997,8759900
7/27/15,80.849998,81.699997,79.68,81.400002,81.400002,12185700
7/28/15,80.669998,80.800003,79.25,80.559998,80.559998,12122800
7/29/15,80.980003,81.369003,80.010002,80.260002,80.260002,7177100
7/30/15,80.110001,80.639999,79.449997,79.959999,79.959999,6934700
7/31/15,79.849998,79.904999,78.199997,78.339996,78.339996,12687000
8/3/15,78.199997,78.5,77.110001,77.989998,77.989998,9277000
8/4/15,78.07,79.353996,77.800003,78.870003,78.870003,8501200
8/5/15,79.589996,80.419998,79.480003,79.82,79.82,7502600
8/6/15,79.849998,80.75,78.639999,78.959999,78.959999,9297800
8/7/15,79.650002,80.199997,78.660004,78.82,78.82,8738800
8/10/15,79.860001,80.989998,79.5,80.470001,80.470001,11276700
8/11/15,79.481003,80,76.150002,77.339996,77.339996,22976600
8/12/15,72.32,73.849998,71.029999,73.379997,73.379997,41093200
8/13/15,74,76.730003,73.660004,75.110001,75.110001,23230700
8/14/15,74.529999,75.489998,74.459999,74.760002,74.760002,12367300
8/17/15,74.849998,75.239998,74.160004,75.190002,75.190002,12677400
8/18/15,74.050003,75.129997,73.730003,73.879997,73.879997,11155100
8/19/15,73.150002,73.559998,72.809998,73.120003,73.120003,18179400
8/20/15,71.980003,72.779999,70.029999,70.32,70.32,20995600
8/21/15,69.32,70.660004,68.18,68.18,68.18,29128600
8/24/15,58.16,65.800003,58,65.800003,65.800003,31376400
8/25/15,68.839996,70.330002,67.489998,68.57,68.57,29948400
8/26/15,68.949997,69.449997,65.75,68.660004,68.660004,26389200
8/27/15,70.839996,71.589996,70.019997,70.839996,70.839996,18123800
8/28/15,69.68,70.5,69.044998,70.07,70.07,10604600
8/31/15,69.18,69.300003,66.019997,66.120003,66.120003,18479900
9/1/15,64.379997,66.839996,64.050003,64.830002,64.830002,23460900
9/2/15,65.690002,66,64.971001,65.540001,65.540001,13376300
9/3/15,65.820999,66.889999,65.410004,66.470001,66.470001,15803200
9/4/15,65.404999,65.57,63.34,63.91,63.91,18186400
9/8/15,65.779999,66.809998,60.25,60.91,60.91,50328400
9/9/15,62.73,64.669998,62.529999,64.040001,64.040001,33147900
9/10/15,63.52,64.25,63.34,63.830002,63.830002,13281600
9/11/15,63.369999,64.790001,62.700001,64.629997,64.629997,17747000
9/14/15,62.549999,63.259998,61.48,62.599998,62.599998,26763300
9/15/15,61.450001,65.360001,61.110001,64.849998,64.849998,29035000
9/16/15,65.610001,68.080002,65.260002,67.230003,67.230003,25801000
9/17/15,66.410004,66.650002,65.599998,66,66,16594600
9/18/15,65.400002,65.75,64.010002,65.75,65.75,20127300
9/21/15,65.379997,66.400002,62.959999,63.900002,63.900002,22355100
9/22/15,62.939999,63.27,61.580002,61.900002,61.900002,14897900
9/23/15,61.959999,62.299999,59.68,60,60,22684600
9/24/15,59.419998,60.34,58.209999,59.919998,59.919998,20645700
9/25/15,60.630001,60.84,58.919998,59.240002,59.240002,17009100
9/28/15,58.810001,60.119999,57.314999,57.389999,57.389999,20661600
9/29/15,57.299999,58.650002,57.200001,57.82,57.82,16771000
9/30/15,58.869999,60.080002,58.349998,58.970001,58.970001,16767100
10/1/15,59.5,59.830002,58.23,58.869999,58.869999,8147700
10/2/15,58.360001,63.240002,58.200001,63.200001,63.200001,22356300
10/5/15,63.470001,64.775002,62.200001,63.93,63.93,13583500
10/6/15,63.720001,64.730003,63.279999,63.919998,63.919998,9620900
10/7/15,64.839996,66.660004,64.379997,66.279999,66.279999,15770100
10/8/15,66.040001,68.410004,65.959999,67.699997,67.699997,18667500
10/9/15,67.699997,69.449997,67.309998,68.709999,68.709999,14762900
10/12/15,69.639999,70.470001,69,70.300003,70.300003,15549100
10/13/15,69.489998,70.32,68.379997,69.68,69.68,13052800
10/14/15,69.5,69.699997,67.425003,68.540001,68.540001,12286100
10/15/15,69.339996,72.440002,69.260002,71.779999,71.779999,18203000
10/16/15,72.5,73.639999,71.209999,71.989998,71.989998,15953500
10/19/15,71.800003,73,71.522003,72.650002,72.650002,10886900
10/20/15,72.989998,73,71.550003,71.790001,71.790001,11093400
10/21/15,71.790001,71.790001,68.889999,69.480003,69.480003,16800200
10/22/15,70.160004,71.629997,70.07,70.989998,70.989998,10811400
10/23/15,73.980003,75.760002,72.839996,75.620003,75.620003,22510800
10/26/15,75.440002,77.419998,75.129997,76.349998,76.349998,24819700
10/27/15,76.349998,82.790001,76.349998,79.440002,79.440002,50815800
10/28/15,79.480003,82.544998,79.199997,82.349998,82.349998,25027100
10/29/15,81.970001,82.529999,80.82,82.220001,82.220001,16431700
10/30/15,82.699997,84.440002,82.599998,83.830002,83.830002,20740500
11/2/15,83.519997,84.830002,82.75,84.349998,84.349998,13827400
11/3/15,84,84.589996,83.129997,83.440002,83.440002,11641300
11/4/15,84.449997,85.599998,84.029999,85.400002,85.400002,23728500
11/5/15,85.220001,86.419998,84.199997,85.379997,85.379997,20657200
11/6/15,85.529999,86.349998,80.769997,83.610001,83.610001,38531000
11/9/15,83.440002,83.470001,80.220001,81.379997,81.379997,19091500
11/10/15,81.099998,82.43,79.620003,81.43,81.43,22004400
11/11/15,82.279999,82.489998,78.120003,79.849998,79.849998,29636600
11/12/15,78.989998,80.5,78.449997,78.760002,78.760002,18839800
11/13/15,77.150002,78,75.639999,75.849998,75.849998,24235500
11/16/15,75.830002,78.75,75.769997,78.300003,78.300003,17045500
11/17/15,78.900002,79.139999,77.470001,78.129997,78.129997,12471400
11/18/15,78.25,78.309998,76.150002,77.690002,77.690002,16735400
11/19/15,78.059998,79.150002,77.403,77.870003,77.870003,15692700
11/20/15,78.440002,80.785004,78.400002,79.949997,79.949997,21025800
11/23/15,80.449997,82.190002,79.970001,81.309998,81.309998,18766400
11/24/15,80.849998,81.110001,79.269997,80.860001,80.860001,15283600
11/25/15,80.910004,82.675003,80.82,81.709999,81.709999,16330900
11/27/15,80.57,81.410004,79.275002,81.379997,81.379997,12599900
11/30/15,81.5,84.470001,81.379997,84.080002,84.080002,97914100
12/1/15,83.769997,84.389999,83.5,84,84,26235500
12/2/15,84.269997,85.82,84.25,85,85,36611500
12/3/15,85.050003,85.099998,82.099998,82.589996,82.589996,23029200
12/4/15,82.580002,85,82.419998,84.849998,84.849998,15555000
12/7/15,84.800003,85.129997,84.199997,84.760002,84.760002,11875500
12/8/15,82.769997,84.669998,82.610001,84.379997,84.379997,14667400
12/9/15,84.370003,85.199997,82.970001,83.419998,83.419998,21919200
12/10/15,83.339996,84.339996,82.849998,84.330002,84.330002,10474700
12/11/15,82.849998,83.050003,79.421997,79.739998,79.739998,20793600
12/14/15,80.150002,80.760002,78.989998,80.57,80.57,12077700
12/15/15,81.059998,83.389999,80.900002,82.489998,82.489998,13054800
12/16/15,83.300003,85.050003,82.995003,84.629997,84.629997,16575600
12/17/15,85,85.32,82.849998,83.559998,83.559998,13003000
12/18/15,83.199997,83.75,82.029999,82.650002,82.650002,12168700
12/21/15,83.150002,83.730003,82.43,82.870003,82.870003,8094600
12/22/15,82.889999,85.099998,82.889999,84.839996,84.839996,12778200
12/23/15,85.050003,85.089996,83.720001,84.800003,84.800003,11238500
12/24/15,84.559998,84.800003,83.410004,83.709999,83.709999,3775300
12/28/15,82.559998,82.75,81.519997,82.139999,82.139999,9319400
12/29/15,82.5,83.510002,82.410004,83.260002,83.260002,6942700
12/30/15,82.949997,83.110001,81.5,81.68,81.68,6984300
12/31/15,81.480003,82.169998,81.25,81.269997,81.269997,6744500
1/4/16,78.18,78.309998,75.18,76.690002,76.690002,23066300
1/5/16,77.919998,78.68,77.260002,78.629997,78.629997,14258900
1/6/16,77.120003,78.485001,76.970001,77.330002,77.330002,11569300
1/7/16,73.290001,75.5,71.540001,72.720001,72.720001,27288100
1/8/16,74.330002,74.660004,70.669998,70.800003,70.800003,20814600
1/11/16,71.290001,71.730003,69.019997,69.919998,69.919998,16961400
1/12/16,71.449997,72.769997,71,72.68,72.68,13456000
1/13/16,72.769997,73.238998,70.220001,70.290001,70.290001,12480200
1/14/16,70.290001,72.720001,68.269997,72.25,72.25,17719600
1/15/16,68.699997,71,67.541,69.589996,69.589996,20722500
1/19/16,71.940002,72.309998,69.809998,70.129997,70.129997,17421700
1/20/16,68.025002,69.112,65.339996,68.709999,68.709999,19464400
1/21/16,68.779999,71.650002,67.143997,70.720001,70.720001,16576500
1/22/16,72.510002,73.339996,69.889999,70.370003,70.370003,15834700
1/25/16,70.800003,70.800003,69.019997,69.720001,69.720001,14782800
1/26/16,69.010002,70.190002,68.879997,69.769997,69.769997,11473300
1/27/16,69.959999,71.419998,68.745003,69.540001,69.540001,18257600
1/28/16,72.550003,73.150002,66.669998,66.919998,66.919998,33165100
1/29/16,67.980003,68.93,65.400002,67.029999,67.029999,25594700
2/1/16,66.5,67.699997,65.349998,67.029999,67.029999,16213800
2/2/16,67.050003,67.739998,64.660004,65.089996,65.089996,19150800
2/3/16,65.599998,65.730003,60.869999,63.439999,63.439999,31918600
2/4/16,64.330002,65.720001,63.099998,64.860001,64.860001,22911500
2/5/16,64.709999,64.860001,62.18,62.639999,62.639999,12842800
2/8/16,60.900002,62.049999,60.450001,61.099998,61.099998,16157900
2/9/16,60.110001,62.220001,59.25,61.389999,61.389999,12738300
2/10/16,61.900002,63.09,60.869999,61.779999,61.779999,8998600
2/11/16,60.25,61.630001,59.849998,60.57,60.57,15008500
2/12/16,61.27,62.779999,60.279999,60.889999,60.889999,13669600
2/16/16,64.419998,66.889999,64.040001,66.290001,66.290001,21735400
2/17/16,67.300003,67.389999,65.68,66.379997,66.379997,14457100
2/18/16,67,68.5,66.230003,66.519997,66.519997,14547800
2/19/16,66.800003,67.75,66.089996,67.279999,67.279999,12334900
2/22/16,68.300003,69.529999,67.980003,68.839996,68.839996,13405400
2/23/16,68.5,68.660004,66.464996,66.970001,66.970001,12930600
2/24/16,66.169998,67.690002,65.209999,67.230003,67.230003,10781500
2/25/16,65.669998,66.720001,64.660004,66.660004,66.660004,14686100
2/26/16,68.089996,68.830002,66.860001,66.910004,66.910004,12084100
2/29/16,67.639999,70.580002,67.559998,68.809998,68.809998,17984200
3/1/16,70.019997,71.839996,69.860001,70.860001,70.860001,14007700
3/2/16,72.040001,72.040001,70.75,71.25,71.25,10503000
3/3/16,71.309998,72.589996,70.459999,71.019997,71.019997,11596400
3/4/16,70.959999,72.959999,70.720001,72.220001,72.220001,10763600
3/7/16,72.199997,73.980003,72,72.889999,72.889999,11244500
3/8/16,72.400002,72.650002,70.959999,71.07,71.07,8670700
3/9/16,71.589996,72.610001,70.68,72.43,72.43,7283400
3/10/16,72.5,73.050003,70.605003,71.970001,71.970001,11247900
3/11/16,72.580002,74.010002,72.220001,74.010002,74.010002,11219200
3/14/16,74.010002,74.419998,72.889999,73.349998,73.349998,11069800
3/15/16,72.620003,72.839996,71.75,72.230003,72.230003,8373700
3/16/16,72.010002,73.660004,71.860001,73.5,73.5,7701200
3/17/16,73.760002,74.370003,73.510002,74.25,74.25,9423900
3/18/16,74.970001,76.300003,74.709999,76.25,76.25,13350100
3/21/16,77.089996,79.68,76.940002,78.110001,78.110001,15493300
3/22/16,77,78.550003,76.907997,78.18,78.18,9148400
3/23/16,78.160004,78.980003,76.150002,76.559998,76.559998,10806800
3/24/16,75.150002,76.150002,73.529999,75.860001,75.860001,8833400
3/28/16,76.449997,76.889999,74.900002,76.480003,76.480003,6082100
3/29/16,75.599998,78.239998,75.57,78.080002,78.080002,12535000
3/30/16,79.010002,79.550003,78.540001,78.860001,78.860001,10696000
3/31/16,78.5,79.839996,78.410004,79.029999,79.029999,11318500
4/1/16,78.239998,79.019997,78.199997,78.730003,78.730003,9262200
4/4/16,78.330002,79.550003,78.32,79.080002,79.080002,9817300
4/5/16,78.199997,78.300003,76.910004,77.32,77.32,9603900
4/6/16,77.300003,79.150002,77.190002,78.68,78.68,9071900
4/7/16,77.599998,78.599998,77.182999,77.610001,77.610001,10937900
4/8/16,78.269997,78.760002,76.621002,77.470001,77.470001,8401200
4/11/16,78.07,78.588997,77.43,77.709999,77.709999,7896500
4/12/16,78,78.239998,76.870003,77.860001,77.860001,7115400
4/13/16,78.739998,79.720001,78.5,79.639999,79.639999,14150900
4/14/16,79.309998,79.858002,78.360001,79.610001,79.610001,12611500
4/15/16,79.449997,79.75,78.459999,78.970001,78.970001,11709100
4/18/16,78.519997,79.120003,77.709999,79.010002,79.010002,7767000
4/19/16,79.199997,80.480003,78.470001,79.459999,79.459999,14742000
4/20/16,79,81.735001,78.989998,81.209999,81.209999,14911900
4/21/16,81.080002,81.779999,80.199997,80.779999,80.779999,8819000
4/22/16,80.120003,81.440002,79.154999,79.889999,79.889999,8649300
4/25/16,79.800003,79.839996,78.68,78.839996,78.839996,9207600
4/26/16,78.849998,79.559998,77.800003,78.610001,78.610001,9632700
4/27/16,78.300003,78.620003,76.57,77.650002,77.650002,11491900
4/28/16,77.650002,77.900002,76.089996,76.400002,76.400002,9959900
4/29/16,76.809998,77.279999,75.660004,76.940002,76.940002,10124300
5/2/16,76.889999,77,75.940002,76.610001,76.610001,7718100
5/3/16,75.959999,76.269997,75.425003,75.910004,75.910004,8019200
5/4/16,75.639999,75.910004,75.010002,75.82,75.82,14326600
5/5/16,79.519997,79.940002,78.099998,78.830002,78.830002,27950900
5/6/16,78.349998,79.720001,78.25,79.199997,79.199997,12862100
5/9/16,78.940002,79.980003,78.889999,79.410004,79.410004,11795800
5/10/16,79.790001,79.980003,79.150002,79.720001,79.720001,9319700
5/11/16,79.43,80.485001,79.410004,79.800003,79.800003,11072500
5/12/16,80.010002,80.449997,78.32,79.160004,79.160004,8791400
5/13/16,78.824997,79.160004,76.970001,77.160004,77.160004,10078000
5/16/16,77.860001,79.93,77.589996,79.290001,79.290001,11661000
5/17/16,79.830002,80.199997,79.309998,79.349998,79.349998,10970700
5/18/16,78.709999,80,78.470001,79.029999,79.029999,9085800
5/19/16,78.650002,79.260002,77.599998,78.32,78.32,8317500
5/20/16,78.32,79.449997,78.32,78.790001,78.790001,11043900
5/23/16,78.949997,79.5,78.599998,79,79,7187500
5/24/16,79.169998,81.309998,79.07,81.120003,81.120003,16707700
5/25/16,78.529999,79.199997,74.120003,75.589996,75.589996,49606600
5/26/16,75.589996,78.864998,75.589996,78.349998,78.349998,26968600
5/27/16,78.489998,81,78.389999,80.970001,80.970001,24552900
5/31/16,81,82.029999,80.199997,82,82,78861400
6/1/16,82,82,76.550003,76.690002,76.690002,62531500
6/2/16,76.650002,77.75,76.559998,77.300003,77.300003,45379500
6/3/16,77.239998,77.800003,75.709999,76.620003,76.620003,23685700
6/6/16,77.110001,78.330002,76.699997,78.059998,78.059998,19166100
6/7/16,78.190002,78.370003,77.32,77.839996,77.839996,12878000
6/8/16,78,78.529999,77.375,77.639999,77.639999,11614100
6/9/16,77.389999,78.07,76.779999,77.559998,77.559998,8994400
6/10/16,76.43,77.050003,75.760002,75.919998,75.919998,10421100
6/13/16,75.25,76.455002,74.849998,75.449997,75.449997,11300800
6/14/16,76.889999,78.449997,76.75,77.769997,77.769997,22358900
6/15/16,78.309998,78.768997,77.510002,78.389999,78.389999,14734800
6/16/16,77.839996,78.400002,76.199997,78.269997,78.269997,13570700
6/17/16,78.449997,78.449997,76.480003,77,77,15582600
6/20/16,77.900002,78.790001,77.839996,78.150002,78.150002,9625600
6/21/16,78.75,79.080002,78.400002,78.620003,78.620003,8881800
6/22/16,79.040001,79.120003,78.209999,78.730003,78.730003,8170900
6/23/16,79.160004,79.459999,78.550003,79.139999,79.139999,8279500
6/24/16,76.830002,77.5,75.43,76.290001,76.290001,18224800
6/27/16,75.800003,75.970001,73.300003,74.230003,74.230003,15131300
6/28/16,75.5,76.599998,75.5,76.279999,76.279999,11266200
6/29/16,76.980003,78.480003,76.900002,78.040001,78.040001,11460000
6/30/16,78.309998,79.760002,78.279999,79.529999,79.529999,12485300
7/1/16,79.120003,80.050003,79.120003,79.650002,79.650002,7271300
7/5/16,79.040001,79.550003,78.370003,78.970001,78.970001,6845200
7/6/16,78.470001,78.82,77.68,78.639999,78.639999,7737600
7/7/16,79,79.489998,78.709999,79.349998,79.349998,6819200
7/8/16,78.440002,79.349998,77.800003,78.989998,78.989998,14029100
7/11/16,79.330002,81.900002,79.239998,81.459999,81.459999,17417500
7/12/16,81.790001,82.879997,81.510002,81.739998,81.739998,15294100
7/13/16,81.830002,81.879997,80.370003,80.57,80.57,10739200
7/14/16,81.18,82.239998,80.860001,81.739998,81.739998,9361500
7/15/16,81.779999,82.489998,80.964996,81.25,81.25,8919900
7/18/16,80.599998,82.790001,80.599998,82.650002,82.650002,12113600
7/19/16,82.480003,83.690002,82.050003,82.769997,82.769997,9799400
7/20/16,83.269997,84.699997,83.230003,84.419998,84.419998,13991000
7/21/16,84.709999,85,83.660004,84.18,84.18,10163500
7/22/16,84,84.5,83.809998,84.489998,84.489998,5988400
7/25/16,84.470001,84.790001,82.610001,83.190002,83.190002,13185900
7/26/16,82.860001,83.629997,82.629997,83.589996,83.589996,7714700
7/27/16,83.599998,83.639999,83,83.099998,83.099998,11629000
7/28/16,83.459999,83.489998,82.120003,83.120003,83.120003,7476500
7/29/16,83.370003,83.419998,81.945,82.480003,82.480003,8709300
8/1/16,82.790001,84.800003,82.589996,84.339996,84.339996,13401200
8/2/16,84.339996,84.339996,82.910004,83.800003,83.800003,7691600
8/3/16,83.300003,83.839996,83.169998,83.669998,83.669998,5365800
8/4/16,83.75,84.980003,83.690002,84.75,84.75,10731600
8/5/16,85.010002,85.080002,84.440002,84.589996,84.589996,9401700
8/8/16,84.989998,85.019997,84.300003,85,85,11528200
8/9/16,85.050003,85.629997,84.800003,85.239998,85.239998,15349200
8/10/16,86.010002,87.730003,86.010002,87.330002,87.330002,28195900
8/11/16,92.139999,92.800003,91.260002,91.769997,91.769997,54169200
8/12/16,92.980003,98.349998,92.910004,98.25,98.25,71968300
8/15/16,98.279999,98.860001,96.82,97.169998,97.169998,33813400
8/16/16,96.150002,97.150002,95.050003,96.660004,96.660004,27514000
8/17/16,96.169998,97.25,96.050003,97,97,14980900
8/18/16,97.25,97.940002,96.620003,97,97,15009000
8/19/16,96.910004,97.239998,96.339996,96.860001,96.860001,14267100
8/22/16,96.470001,96.629997,94.75,95.650002,95.650002,16222900
8/23/16,95.589996,96.480003,95.410004,95.790001,95.790001,9646800
8/24/16,95.68,96.300003,93.559998,93.879997,93.879997,12726600
8/25/16,93.75,94.690002,93.120003,93.940002,93.940002,13039900
8/26/16,94.150002,95.449997,94.080002,95.059998,95.059998,14133900
8/29/16,94.599998,95.160004,94.209999,94.879997,94.879997,8818300
8/30/16,95.349998,96.68,95.169998,96,96,13994200
8/31/16,96.139999,97.199997,96.010002,97.190002,97.190002,28617000
9/1/16,97.300003,98,97.010002,97.419998,97.419998,13387400
9/2/16,97.970001,99.665001,97.970001,99.25,99.25,17482600
9/6/16,100.449997,104.300003,100.449997,103.779999,103.779999,32803800
9/7/16,103.839996,104,102.260002,102.32,102.32,15758800
9/8/16,101.93,103.779999,101.629997,102.57,102.57,15475500
9/9/16,101.800003,102.209999,99.050003,99.620003,99.620003,21250400
9/12/16,97.379997,101.379997,97,100.800003,100.800003,17318200
9/13/16,100.379997,101.489998,98.839996,100.279999,100.279999,20004900
9/14/16,100.080002,102.589996,100.019997,102.400002,102.400002,19604700
9/15/16,102.620003,104.480003,102.529999,104.449997,104.449997,20795900
9/16/16,104,105.389999,103.860001,104.639999,104.639999,20363500
9/19/16,105.160004,105.5,102.195,103.029999,103.029999,15234600
9/20/16,102.940002,103.730003,100.93,101.360001,101.360001,12863800
9/21/16,102.459999,106.190002,102.209999,106,106,22997100
9/22/16,107.57,109.760002,107.480003,109.360001,109.360001,35627700
9/23/16,108.25,108.400002,106.709999,107.709999,107.709999,23083000
9/26/16,106.519997,107.059998,105.300003,105.889999,105.889999,16805300
9/27/16,106.519997,108.489998,106.370003,108.260002,108.260002,17556700
9/28/16,108.440002,109.870003,107.160004,108.75,108.75,16371600
9/29/16,106.510002,106.690002,104.57,105.550003,105.550003,30236700
9/30/16,106.5,107.099998,105.790001,105.790001,105.790001,15577500
10/3/16,105.449997,106.290001,104.980003,105.379997,105.379997,10849500
10/4/16,105.93,106.230003,105.050003,105.449997,105.449997,11068800
10/5/16,105.870003,107.449997,105.660004,106.959999,106.959999,13176500
10/6/16,107.300003,107.510002,106.184998,107.080002,107.080002,9885600
10/7/16,106.889999,107.550003,105.559998,106,106,8954400
10/10/16,106.790001,109,106.559998,108.410004,108.410004,11516600
10/11/16,107.889999,107.970001,104.75,105.230003,105.230003,14916600
10/12/16,105.050003,105.110001,101.82,103.620003,103.620003,18435000
10/13/16,102.059998,102.550003,99,102.150002,102.150002,22390000
10/14/16,104.269997,104.699997,101.029999,101.849998,101.849998,12789500
10/17/16,101.5,103.470001,101.269997,102.839996,102.839996,10351700
10/18/16,104.470001,104.989998,103.309998,103.339996,103.339996,11107200
10/19/16,104.330002,104.800003,103.650002,103.93,103.93,8918900
10/20/16,104.199997,104.739998,103.57,103.849998,103.849998,7109800
10/21/16,103.699997,103.940002,102.75,103.940002,103.940002,8073100
10/24/16,104.980003,105.300003,103.550003,104.5,104.5,10898800
10/25/16,104.860001,105.199997,104.019997,104.220001,104.220001,8985700
10/26/16,103.68,104,102.699997,102.779999,102.779999,7579800
10/27/16,103.379997,104.110001,101.849998,102.379997,102.379997,8807100
10/28/16,102.349998,103.050003,101.550003,101.93,101.93,8479500
10/31/16,102.650002,103.209999,101.419998,101.690002,101.690002,15837900
11/1/16,100.43,101.239998,99.209999,101.150002,101.150002,21287300
11/2/16,103.849998,104.099998,97.300003,98.510002,98.510002,36939900
11/3/16,98.040001,99.300003,96.459999,97.75,97.75,17412600
11/4/16,96.900002,98.790001,96.669998,97.57,97.57,9048500
11/7/16,100.07,100.620003,99.160004,99.349998,99.349998,11198300
11/8/16,99.389999,99.989998,98.360001,99.849998,99.849998,8091100
11/9/16,97.379997,98.580002,95.800003,96.669998,96.669998,20948000
11/10/16,98.339996,98.5,92.220001,94.339996,94.339996,27346700
11/11/16,93.860001,94.089996,91.099998,92.989998,92.989998,23725800
11/14/16,92.450996,92.540001,87.879997,89.769997,89.769997,27356200
11/15/16,91,93.489998,90.75,91,91,16723000
11/16/16,91.389999,93.68,91.330002,92.860001,92.860001,14079700
11/17/16,94.709999,94.980003,93.639999,94.07,94.07,10380200
11/18/16,94.849998,95.300003,92.669998,93.389999,93.389999,10032600
11/21/16,94.050003,94.660004,93,93.410004,93.410004,8960000
11/22/16,94.239998,94.419998,93.160004,93.209999,93.209999,10403600
11/23/16,92.529999,93.400002,91.449997,93.029999,93.029999,11721700
11/25/16,93.550003,93.75,92.769997,93.010002,93.010002,4868500
11/28/16,93.019997,95.740997,93,93.760002,93.760002,14340100
11/29/16,93.669998,96.055,93.389999,94.989998,94.989998,14146900
11/30/16,95.279999,95.480003,93.300003,94.019997,94.019997,11447700
12/1/16,94,94.055,89.18,89.860001,89.860001,24030700
12/2/16,90.379997,91.739998,89.949997,90.480003,90.480003,11718800
12/5/16,90.050003,91.400002,89.57,90.989998,90.989998,8902600
12/6/16,91.559998,91.93,89.959999,90.400002,90.400002,7787800
12/7/16,90.519997,91.650002,89.5,91.07,91.07,13240000
12/8/16,91.800003,93.080002,91.029999,92.309998,92.309998,10919500
12/9/16,92.510002,93.639999,92.279999,93.279999,93.279999,9177600
12/12/16,92.050003,92.889999,91.699997,92.470001,92.470001,9355900
12/13/16,92.800003,93.730003,91.870003,92.160004,92.160004,10491300
12/14/16,91.830002,92.260002,90.830002,91.190002,91.190002,9153700
12/15/16,90,90.599998,88.739998,88.849998,88.849998,19215500
12/16/16,89,90.099998,88.559998,88.669998,88.669998,11341500
12/19/16,88.610001,89.82,88.410004,88.93,88.93,10226300
12/20/16,89.190002,90.309998,88.940002,89.839996,89.839996,8434700
12/21/16,89.959999,90.43,89.25,89.25,89.25,9044900
12/22/16,87.889999,88.260002,86.010002,86.800003,86.800003,14404500
12/23/16,86.620003,87.68,86.620003,86.790001,86.790001,6344000
12/27/16,86.720001,87.940002,86.709999,87.540001,87.540001,5228000
12/28/16,88.300003,88.75,87.220001,87.370003,87.370003,6421100
12/29/16,87.82,88.199997,87.160004,87.330002,87.330002,5467100
12/30/16,87.57,88.099998,87.199997,87.809998,87.809998,7211100
1/3/17,89,89,88.080002,88.599998,88.599998,8789400
1/4/17,88.985001,90.889999,88.580002,90.510002,90.510002,11490200
1/5/17,91.910004,94.809998,91.639999,94.370003,94.370003,16821500
1/6/17,94.400002,94.5,93,93.889999,93.889999,7639800
1/9/17,94.160004,95.650002,93.309998,94.720001,94.720001,10829500
1/10/17,96.400002,97.903999,95.550003,96.75,96.75,14780600
1/11/17,96.919998,97.449997,95.599998,96.940002,96.940002,8735900
1/12/17,96.849998,96.849998,94.800003,95.900002,95.900002,8424700
1/13/17,95.949997,97.379997,95.760002,96.269997,96.269997,10701100
1/17/17,96.32,96.589996,95,96.120003,96.120003,6342400
1/18/17,96.269997,96.269997,95.260002,96,96,6610700
1/19/17,96.419998,96.699997,95.580002,96.169998,96.169998,7090000
1/20/17,96.449997,97.150002,95.670998,96.059998,96.059998,9685800
1/23/17,96.480003,98.669998,96.260002,98.410004,98.410004,14090300
1/24/17,103.150002,103.190002,99.940002,101.43,101.43,37181500
1/25/17,102.459999,104.269997,101.900002,104.059998,104.059998,23322800
1/26/17,103.919998,104.57,102.169998,102.75,102.75,12504800
1/27/17,102.25,102.699997,101.290001,102.07,102.07,8031000
1/30/17,101.199997,101.459999,100.089996,101.019997,101.019997,8619800
1/31/17,100.239998,102.089996,100.059998,101.309998,101.309998,7530000
2/1/17,102.07,102.379997,100.870003,101.57,101.57,5736400
2/2/17,101.279999,101.470001,100.559998,100.839996,100.839996,5371600
2/3/17,101.5,101.559998,100.300003,100.389999,100.389999,6197600
2/6/17,100.169998,101.706001,100.019997,100.900002,100.900002,6866700
2/7/17,101.040001,101.599998,100.5,100.830002,100.830002,5655600
2/8/17,101.550003,103.989998,101.160004,103.57,103.57,10178500
2/9/17,103.57,104.18,102.559998,103.339996,103.339996,8435800
2/10/17,103.879997,103.940002,102.309998,102.360001,102.360001,7680300
2/13/17,102.82,104.440002,102.620003,103.099998,103.099998,9729000
2/14/17,103.139999,103.599998,100.896004,101.589996,101.589996,10240700
2/15/17,102.059998,102.129997,100.110001,101.550003,101.550003,12384400
2/16/17,101.860001,102.099998,100.5,100.82,100.82,7464000
2/17/17,100.690002,101.730003,100.300003,100.519997,100.519997,8258200
2/21/17,101.029999,102.540001,100.910004,102.120003,102.120003,8189600
2/22/17,102.480003,105.199997,102.419998,104.199997,104.199997,15779400
2/23/17,104.720001,104.860001,101.82,102.459999,102.459999,10095600
2/24/17,101.389999,103,101.300003,102.949997,102.949997,7356600
2/27/17,102.5,103.824997,102.220001,103.599998,103.599998,6865900
2/28/17,103.889999,103.989998,102.029999,102.900002,102.900002,8017500
3/1/17,103.68,104.989998,103.209999,104.040001,104.040001,10331800
3/2/17,103.800003,104.580002,102.769997,103.190002,103.190002,7983000
3/3/17,102.989998,103.419998,102.440002,103.309998,103.309998,6320900
3/6/17,102.760002,103.25,102.099998,102.309998,102.309998,6290700
3/7/17,102.300003,103.307999,102.110001,102.629997,102.629997,4985200
3/8/17,102.629997,104.290001,102.540001,103.220001,103.220001,7066700
3/9/17,102.970001,103.75,102.760002,103.239998,103.239998,4523600
3/10/17,103.43,103.699997,102.629997,103.389999,103.389999,4120700
3/13/17,103.519997,106.25,103.470001,105.18,105.18,16118900
3/14/17,104.610001,106,103.821999,104.25,104.25,7748400
3/15/17,104.370003,104.489998,102.599998,103.690002,103.690002,11695200
3/16/17,105.25,105.650002,104.301003,105.629997,105.629997,12445200
3/17/17,105.169998,106.5,104.860001,105.610001,105.610001,8778900
3/20/17,106.230003,108.199997,105.940002,107.25,107.25,12447900
3/21/17,108.459999,108.699997,104.699997,105.089996,105.089996,13877700
3/22/17,104.639999,106.120003,103.980003,106.089996,106.089996,7153000
3/23/17,106.949997,108.830002,106.440002,108.25,108.25,13410800
3/24/17,108.400002,109.129997,107.230003,108.040001,108.040001,7578400
3/27/17,106.650002,108.190002,106.510002,108.080002,108.080002,7709400
3/28/17,108.230003,108.949997,107.459999,107.800003,107.800003,6472000
3/29/17,107.970001,109.739998,107.690002,109.510002,109.510002,8788700
3/30/17,109.728996,110.449997,108.660004,108.849998,108.849998,10592500
3/31/17,108.5,109.119003,107.779999,107.830002,107.830002,9002800
4/3/17,108.849998,109.470001,107.519997,108.089996,108.089996,8391400
4/4/17,107.870003,108.260002,106.879997,107.519997,107.519997,6480100
4/5/17,108.360001,108.82,107.32,107.440002,107.440002,8205400
4/6/17,107.589996,108.419998,107.150002,108.040001,108.040001,5211100
4/7/17,107.879997,109.07,106.760002,108.989998,108.989998,8354900
4/10/17,109,111.879997,108.839996,111.699997,111.699997,14798600
4/11/17,111.400002,111.790001,109.459999,110.440002,110.440002,10012100
4/12/17,110.5,111.699997,110.309998,110.629997,110.629997,8099800
4/13/17,110.720001,111.449997,109.82,110.209999,110.209999,6857000
4/17/17,110.910004,111.870003,110.300003,111.760002,111.760002,7128100
4/18/17,111.199997,112.199997,110.866997,111.230003,111.230003,8305100
4/19/17,111.989998,112.199997,110.57,110.760002,110.760002,9603800
4/20/17,111.529999,113.599998,111.480003,112.959999,112.959999,13773500
4/21/17,112.800003,113.169998,112.300003,113.110001,113.110001,8968300
4/24/17,114.040001,115.160004,114.019997,114.860001,114.860001,13386600
4/25/17,115.540001,115.82,114.800003,115.480003,115.480003,11434600
4/26/17,115.370003,115.75,114.622002,114.970001,114.970001,6678800
4/27/17,115,115.959999,114.830002,115.43,115.43,9441500
4/28/17,115.900002,115.989998,115,115.5,115.5,6984900
5/1/17,115.629997,117.239998,115.5,116.68,116.68,7332100
5/2/17,117.07,118.690002,117,118.089996,118.089996,10048200
5/3/17,117.949997,118,115.120003,116.57,116.57,10591100
5/4/17,115.940002,116.410004,115.150002,115.860001,115.860001,6977800
5/5/17,116.050003,116.150002,114.800003,116.040001,116.040001,7099400
5/8/17,116.900002,117.510002,116.199997,116.860001,116.860001,6461900
5/9/17,118.620003,120,118.07,120,120,15219900
5/10/17,120.010002,120.330002,119.099998,119.980003,119.980003,9347300
5/11/17,120.129997,120.5,118.25,120.160004,120.160004,11375500
5/12/17,120.160004,120.468002,119.510002,120.339996,120.339996,9823900
5/15/17,121.029999,121.489998,120.030998,121.400002,121.400002,11125500
5/16/17,121.980003,124.339996,121.739998,124.019997,124.019997,18222100
5/17/17,123.25,123.889999,120.5,120.720001,120.720001,19834700
5/18/17,116.309998,122.629997,114,121.269997,121.269997,37121900
5/19/17,123.959999,126.400002,123.07,123.220001,123.220001,21101700
5/22/17,124.980003,125.589996,123.555,124.75,124.75,13493200
5/23/17,124.669998,125.675003,122.849998,122.93,122.93,14370100
5/24/17,123.07,123.683998,121.949997,122.809998,122.809998,8371500
5/25/17,123.739998,124.449997,122.309998,123.629997,123.629997,12486500
5/26/17,123.93,124.650002,123.099998,123.989998,123.989998,7558900
5/30/17,124.080002,124.879997,123.529999,123.910004,123.910004,8343400
5/31/17,123.639999,124.175003,122,122.459999,122.459999,11582200
6/1/17,122.82,124,122.260002,123.970001,123.970001,8901400
6/2/17,123.720001,124.529999,123.239998,124.129997,124.129997,7342100
6/5/17,124.019997,125.559998,123.870003,125.370003,125.370003,10030600
6/6/17,125.370003,126.199997,124.269997,124.620003,124.620003,9257100
6/7/17,125.080002,125.910004,124.110001,125.639999,125.639999,9431600
6/8/17,142.509995,143.699997,135.210007,142.339996,142.339996,81381500
6/9/17,142.339996,148.289993,137.009995,139.440002,139.440002,54367400
6/12/17,139.169998,139.389999,136.050003,139.080002,139.080002,32177600
6/13/17,141.880005,142.244003,135.899994,136.600006,136.600006,40879600
6/14/17,137.800003,139.25,135.259995,136.669998,136.669998,32862000
6/15/17,135.639999,135.669998,133.100006,135.080002,135.080002,30510400
6/16/17,136.279999,136.5,133.550003,134.869995,134.869995,36431300
6/19/17,137.809998,140.399994,137.399994,139.470001,139.470001,24951600
6/20/17,140.080002,140.630005,137.929993,138.380005,138.380005,20580500
6/21/17,138.820007,143.5,138.020004,143.289993,143.289993,30911600
6/22/17,142.050003,144.679993,140.880005,142.270004,142.270004,21897600
6/23/17,142.100006,143.339996,141.600006,143.009995,143.009995,11759000
6/26/17,144.029999,145.360001,141.270004,142.729996,142.729996,17828100
6/27/17,143.899994,144.380005,141.100006,141.529999,141.529999,17374800
6/28/17,142.649994,144.369995,141.479996,143.949997,143.949997,17759800
6/29/17,143.160004,143.559998,137.520004,140.809998,140.809998,24130300
6/30/17,141.029999,142.380005,139.919998,140.899994,140.899994,12276700
7/3/17,141.75,142.490005,139.494995,140.990005,140.990005,6975700
7/5/17,141.160004,145,140.330002,144.869995,144.869995,16995800
7/6/17,143.009995,143.619995,141.830002,142.199997,142.199997,11934200
7/7/17,142.649994,143.378998,141.830994,142.429993,142.429993,8046200
7/10/17,143,144.160004,142.25,143.809998,143.809998,10351500
7/11/17,144.289993,145.869995,143.259995,145.809998,145.809998,13519900
7/12/17,147.380005,149.300003,146.850006,149,149,14955800
7/13/17,149.520004,150,148,149.520004,149.520004,11683400
7/14/17,150.119995,152.25,149.690002,151.830002,151.830002,11469400
7/17/17,153.529999,153.699997,150.419998,151.229996,151.229996,15342700
7/18/17,151.080002,154.600006,150.479996,153.75,153.75,15313000
7/19/17,155.139999,156.410004,152.639999,153.149994,153.149994,16896100
7/20/17,153.960007,154.119995,151.839996,152.110001,152.110001,16739800
7/21/17,151.789993,152.149994,150.309998,151.889999,151.889999,11452700
7/24/17,152.770004,153.229996,151.600006,152.259995,152.259995,10649100
7/25/17,152.360001,152.75,150.850006,152.440002,152.440002,8460300
7/26/17,152.529999,156,152.360001,155.789993,155.789993,14466300
7/27/17,157.850006,160.389999,151.330002,154.149994,154.149994,26058500
7/28/17,153.960007,158.960007,152.820007,157.559998,157.559998,14449400
7/31/17,158.899994,159.389999,153.5,154.949997,154.949997,17782400
8/1/17,156.25,156.610001,153.800003,154.729996,154.729996,12035300
8/2/17,155.470001,155.75,149.100006,151.910004,151.910004,19529300
8/3/17,152.100006,153.800003,149.600006,153.320007,153.320007,12435400
8/4/17,154.320007,154.320007,152.160004,153.330002,153.330002,10035600
8/7/17,154.830002,158.990005,154.369995,158.839996,158.839996,15906400
8/8/17,158.559998,159.839996,156.800003,157.5,157.5,15447100
8/9/17,156.050003,157.710007,155.199997,157.490005,157.490005,11022600
8/10/17,156.199997,156.5,151.25,151.770004,151.770004,19298900
8/11/17,150.509995,152.570007,147.5,151.699997,151.699997,22327400
8/14/17,154.770004,155.080002,153.100006,154.610001,154.610001,14601800
8/15/17,155.740005,158.320007,154,157.75,157.75,18635700
8/16/17,160,160.350006,158.535004,159.5,159.5,21318300
8/17/17,166.119995,168,163.509995,163.919998,163.919998,56840300
8/18/17,165.360001,169.5,164.100006,167.5,167.5,31492500
8/21/17,168.289993,170.600006,166.979996,169.25,169.25,22352300
8/22/17,170.020004,174.770004,169.639999,174.460007,174.460007,24481900
8/23/17,172.899994,176.229996,172.75,175.800003,175.800003,21939000
8/24/17,177,177,174.300003,175,175,20795200
8/25/17,174.800003,174.940002,171.110001,171.740005,171.740005,24184700
8/28/17,171.149994,171.339996,167.059998,168.300003,168.300003,24615900
8/29/17,165.149994,169.229996,164.350006,167.410004,167.410004,19587300
8/30/17,169.149994,172.389999,169.149994,171.25,171.25,17770000
8/31/17,172.539993,172.899994,170.25,171.740005,171.740005,16486800
9/1/17,171.990005,172.386002,170.649994,171.039993,171.039993,11166600
9/5/17,169.470001,171.929993,168.738007,169.919998,169.919998,14943600
9/6/17,170.169998,171.110001,167,168.139999,168.139999,19988300
9/7/17,169.259995,170.970001,168,170.479996,170.479996,15141900
9/8/17,169.990005,171.220001,168.919998,169,169,12345300
9/11/17,171.5,174.199997,171.5,174.059998,174.059998,18257900
9/12/17,174.889999,175.619995,173.369995,175.309998,175.309998,15629700
9/13/17,175.75,179.100006,175.559998,178.970001,178.970001,22060700
9/14/17,177.539993,179.929993,176.020004,177.100006,177.100006,22827700
9/15/17,177.899994,179.75,176.699997,176.699997,176.699997,26567600
9/18/17,178.889999,180.289993,177.75,179.979996,179.979996,22919800
9/19/17,180.690002,180.869995,179.25,180.070007,180.070007,14751900
9/20/17,180.020004,180.5,176.151001,177.949997,177.949997,15396700
9/21/17,178.050003,178.860992,175.300003,177.389999,177.389999,14578800
9/22/17,176.199997,178.419998,175.679993,178.139999,178.139999,12749700
9/25/17,176.479996,177,167.5,169.589996,169.589996,34033700
9/26/17,170.009995,171.899994,166.789993,167.020004,167.020004,23696200
9/27/17,169.839996,171.949997,169.449997,170.990005,170.990005,19444200
9/28/17,170.910004,171.880005,169.567001,170.240005,170.240005,13957000
9/29/17,171.110001,173.539993,170.740005,172.710007,172.710007,13401800
10/2/17,174.570007,175.130005,172.570007,173.610001,173.610001,12563400
10/3/17,176.059998,178.779999,173.610001,178.559998,178.559998,16714600
10/4/17,178.059998,180,177.300003,178.710007,178.710007,11420600
10/5/17,179,179.729996,176.029999,178.889999,178.889999,11895300
10/6/17,177.850006,179.869995,177.610001,179.199997,179.199997,8749300
10/9/17,178.970001,183.132004,178.75,182.089996,182.089996,15011600
10/10/17,181.649994,184.460007,181.360001,183.119995,183.119995,13201300
10/11/17,183,184.699997,182.600998,184.690002,184.690002,11974400
10/12/17,184.039993,184.389999,180.348007,180.529999,180.529999,15441200
10/13/17,180.960007,181.399994,177.970001,178.449997,178.449997,18107700
10/16/17,180,180.050003,178.509995,179.559998,179.559998,12855900
10/17/17,179.580002,180.119995,175.300003,175.320007,175.320007,20132200
10/18/17,177.089996,180,176.279999,179.610001,179.610001,21736500
10/19/17,177.001007,179.610001,175.449997,177.929993,177.929993,13539000
10/20/17,179.020004,179.520004,177.080002,177.320007,177.320007,11953200
10/23/17,177.800003,178.009995,173.050003,173.130005,173.130005,17610900
10/24/17,174,175.979996,173.259995,173.699997,173.699997,11946000
10/25/17,174.690002,175.440002,169.300003,170.220001,170.220001,18109400
10/26/17,170.619995,171.449997,168.580002,170.320007,170.320007,13527400
10/27/17,173.190002,177,171.110001,176.149994,176.149994,19712600
10/30/17,178.429993,181.899994,177.589996,181.580002,181.580002,20219700
10/31/17,183.570007,185.119995,181.811005,184.889999,184.889999,21256700
11/1/17,187.880005,188.880005,183.580002,186.080002,186.080002,28594700
11/2/17,190.990005,191.220001,183.309998,184.809998,184.809998,41239900
11/3/17,186.509995,186.929993,182.059998,183.210007,183.210007,19697300
11/6/17,184.070007,188.25,184,187.839996,187.839996,19873100
11/7/17,189.580002,189.860001,187,188.509995,188.509995,17781000
11/8/17,187.979996,188.149994,185.100006,185.899994,185.899994,13944600
11/9/17,184.210007,185.130005,181.050003,185.130005,185.130005,19755600
11/10/17,187.029999,187.169998,185.399994,186.410004,186.410004,15031000
11/13/17,186.770004,187.880005,184,184.539993,184.539993,17139100
11/14/17,184.300003,184.380005,181.149994,181.789993,181.789993,14475300
11/15/17,179.369995,181.880005,176.735992,181.479996,181.479996,16567000
11/16/17,183.309998,186.270004,183.119995,185.429993,185.429993,18389500
11/17/17,185.919998,186.5,184.669998,185.130005,185.130005,13422700
11/20/17,187.600006,190,186.610992,188,188,25992300
11/21/17,190.350006,191.559998,188.800003,190.899994,190.899994,19639500
11/22/17,191.539993,191.75,189.369995,189.839996,189.839996,14417600
11/24/17,189.389999,191.699997,188.699997,191.190002,191.190002,9887300
11/27/17,190.490005,191.449997,187.550003,188.029999,188.029999,14952800
11/28/17,188.830002,189.100006,186.5,186.690002,186.690002,13378100
11/29/17,185.25,185.410004,173.619995,179.910004,179.910004,40204100
11/30/17,179.529999,179.800003,176.320007,177.080002,177.080002,25851100
12/1/17,175.270004,179.800003,173.800003,174.610001,174.610001,26782300
12/4/17,177.199997,177.580002,168.259995,169.580002,169.580002,35895100
12/5/17,165.279999,172.960007,164.25,168.960007,168.960007,31609900
12/6/17,172.630005,173.229996,167.865005,172.630005,172.630005,23897800
12/7/17,175.289993,175.820007,172.259995,174.470001,174.470001,15697900
12/8/17,177.570007,178.960007,176.369995,177.619995,177.619995,23543400
12/11/17,179.899994,180.679993,178.149994,179.289993,179.289993,15626200
12/12/17,174.639999,178.160004,173.770004,174.639999,174.639999,22656500
12/13/17,175.190002,177.699997,174.300003,176.470001,176.470001,18653400
12/14/17,173.110001,173.389999,169.610001,171.75,171.75,32830000
12/15/17,172.889999,173.550003,170,173.550003,173.550003,41356700
12/18/17,174.600006,174.699997,172.369995,173.369995,173.369995,17023300
12/19/17,171.970001,173,170.509995,171.279999,171.279999,23936200
12/20/17,171.789993,172.899994,170.800003,172.639999,172.639999,17121400
12/21/17,172.800003,176.25,172.651001,175.320007,175.320007,14812400
12/22/17,175.839996,176.660004,175.039993,176.289993,176.289993,12524700
12/26/17,174.550003,175.149994,171.729996,172.330002,172.330002,12913800
12/27/17,172.289993,173.869995,171.729996,172.970001,172.970001,10152300
12/28/17,173.039993,173.529999,171.669998,172.300003,172.300003,9508100
12/29/17,172.279999,173.669998,171.199997,172.429993,172.429993,9704600
1/2/18,176.399002,184.100006,175.699997,183.649994,183.649994,29916900
1/3/18,185.190002,185.634995,181.399994,184,184,20121900
1/4/18,185.899994,187.746994,184.429993,185.710007,185.710007,19473800
1/5/18,187.169998,190.75,186.300995,190.699997,190.699997,18168300
1/8/18,190.460007,191.660004,189.070007,190.330002,190.330002,16230100
1/9/18,191.130005,192.490005,188,190.800003,190.800003,19495100
1/10/18,188.100006,190.389999,186.580002,189.789993,189.789993,17943800
1/11/18,189.729996,190.429993,188.100006,188.75,188.75,12400400
1/12/18,189.910004,190.199997,187.25,187.789993,187.789993,11789600
1/16/18,190.399994,191.740005,181.75,182.399994,182.399994,27428500
1/17/18,183.300003,184.800003,179.320007,183.830002,183.830002,21346500
1/18/18,184.279999,185.845001,182.690002,184.399994,184.399994,14190700
1/19/18,185.149994,185.238998,182.800003,184.050003,184.050003,15349300
1/22/18,184.975006,185.039993,181.679993,184.020004,184.020004,16016300
1/23/18,185.279999,192.399994,183.539993,192.279999,192.279999,31305900
1/24/18,194.710007,198.860001,192.399994,195.529999,195.529999,34497300
1/25/18,196.339996,199.589996,194.100006,198.330002,198.330002,23421600
1/26/18,200.330002,205.229996,199.210007,205.220001,205.220001,23768600
1/29/18,204.830002,205.690002,201.820007,203.009995,203.009995,21908600
1/30/18,198.679993,202.539993,196.490005,199.660004,199.660004,23377500
1/31/18,202.820007,206.199997,202.800003,204.289993,204.289993,26982500
2/1/18,192.75,199.490005,191.139999,192.220001,192.220001,52628900
2/2/18,194.789993,195.679993,186.800003,187.309998,187.309998,32233900
2/5/18,183.699997,190.470001,179.899994,180.529999,180.529999,31084000
2/6/18,174.720001,185.589996,174.169998,185.169998,185.169998,35804500
2/7/18,183.5,186.830002,180.300003,180.300003,180.300003,19672100
2/8/18,182.270004,183.100006,171.389999,173.699997,173.699997,32051300
2/9/18,175.119995,177.615997,168.880005,176.669998,176.669998,28049500
2/12/18,180.440002,180.789993,175.085999,177.440002,177.440002,18280300
2/13/18,177.419998,182.149994,177,179.25,179.25,15507000
2/14/18,179.220001,186.929993,178.899994,186.759995,186.759995,21047400
2/15/18,189.25,189.559998,184.431,187.449997,187.449997,14361100
2/16/18,186.75,188.270004,183.539993,183.679993,183.679993,16008400
2/20/18,183.669998,188.830002,183,187.190002,187.190002,14854900
2/21/18,189.369995,193.169998,188.460007,188.820007,188.820007,22071600
2/22/18,190.199997,190.740005,187.770004,188.75,188.75,12282800
2/23/18,190.179993,193.404999,189.949997,193.289993,193.289993,16937300
2/26/18,194.460007,195.149994,190.649994,194.190002,194.190002,19463100
2/27/18,192.589996,193.567001,187.210007,188.259995,188.259995,23218500
2/28/18,187.25,188.240005,185,186.139999,186.139999,19367600
3/1/18,186.179993,187.479996,180.050003,181.990005,181.990005,17286300
3/2/18,178.009995,180.229996,175.449997,179.759995,179.759995,18909100
3/5/18,179.410004,181.949997,177.070007,181.600006,181.600006,15656700
3/6/18,185.190002,188.009995,184.820007,187.369995,187.369995,17856100
3/7/18,184.369995,189.070007,184.320007,189.050003,189.050003,13728900
3/8/18,189.050003,190.229996,186.570007,187.179993,187.179993,14331400
3/9/18,189.639999,190.699997,188.009995,190.550003,190.550003,14208400
3/12/18,192.300003,194.399994,190.899994,192.740005,192.740005,17826200
3/13/18,193.880005,194.25,187.389999,188.410004,188.410004,14826700
3/14/18,190.289993,193.630005,190.220001,192.559998,192.559998,20032300
3/15/18,198.440002,201.5,196.520004,199.059998,199.059998,33504600
3/16/18,198.399994,200.380005,197.259995,200.279999,200.279999,26948700
3/19/18,198,198.429993,192.800995,194.529999,194.529999,19681400
3/20/18,194.949997,199.210007,194.539993,198.949997,198.949997,11952000
3/21/18,198.800003,198.880005,194.570007,195.300003,195.300003,12047300
3/22/18,190.75,192.389999,184.600006,184.649994,184.649994,25355700
3/23/18,186.850006,187.139999,180.401001,181.199997,181.199997,18714400
3/26/18,187.889999,190.619995,184.320007,190.5,190.5,16758700
3/27/18,192.240005,192.25,180.660004,181.889999,181.889999,16627900
3/28/18,180.729996,183.440002,177.570007,178.910004,178.910004,20081100
3/29/18,180.880005,185.130005,178.619995,183.539993,183.539993,16378900
4/2/18,182.809998,183.509995,175.75,177.610001,177.610001,16028700
4/3/18,179.259995,179.580002,173,174.669998,174.669998,19975100
4/4/18,166.880005,172.410004,166.130005,172.070007,172.070007,24573600
4/5/18,175.479996,176.559998,171.169998,172.570007,172.570007,18250900
4/6/18,169.839996,172.270004,166.399994,167.520004,167.520004,18210000
4/9/18,169.75,172.720001,168.610001,169.869995,169.869995,14717300
4/10/18,175.100006,177.880005,173.850006,177.100006,177.100006,20436200
4/11/18,176.479996,178.160004,174.740005,175.360001,175.360001,10170500
4/12/18,175.929993,177.899994,174.559998,175.919998,175.919998,11133900
4/13/18,176.720001,176.800003,171.070007,172.039993,172.039993,13526200
4/16/18,172.009995,174.789993,171.009995,174.699997,174.699997,9876200
4/17/18,174.830002,179.339996,174.830002,178.699997,178.699997,16285800
4/18/18,178.899994,182.880005,177.639999,182.679993,182.679993,16972700
4/19/18,183.259995,183.630005,179.520004,181.389999,181.389999,11989000
4/20/18,179.360001,181.389999,177.529999,179.110001,179.110001,14473100
4/23/18,178.630005,179.320007,174.710007,175.570007,175.570007,12033900
4/24/18,177.630005,178,170.679993,173.089996,173.089996,14567500
4/25/18,170.520004,171.300003,166.639999,170.220001,170.220001,17132900
4/26/18,173.25,174.360001,172.050003,173.899994,173.899994,13398000
4/27/18,177.110001,178.199997,174.009995,177.160004,177.160004,15062500
4/30/18,178.089996,180.039993,177.050003,178.539993,178.539993,14654000
5/1/18,177.580002,180.320007,177.440002,179.5,179.5,10787700
5/2/18,180.800003,184.264008,180.110001,181.449997,181.449997,20681800
5/3/18,183.5,183.589996,175.770004,182.449997,182.449997,26257600
5/4/18,180.399994,190.600006,178.619995,188.889999,188.889999,57788300
5/7/18,190.410004,196.600006,190.300003,195.350006,195.350006,29862200
5/8/18,194.199997,197.339996,193.009995,196.309998,196.309998,21856300
5/9/18,195.839996,197.380005,194.5,195.429993,195.429993,13780600
5/10/18,196.300003,199.770004,195.160004,195.960007,195.960007,21295000
5/11/18,196.399994,196.460007,193.380005,194.360001,194.360001,12741100
5/14/18,195.899994,200,195.869995,198.639999,198.639999,17627100
5/15/18,195.229996,196.779999,193.860001,196.610001,196.610001,12694900
5/16/18,196.75,199.75,196.300003,198.110001,198.110001,12887500
5/17/18,196,198.429993,195.570007,196.020004,196.020004,13470500
5/18/18,196.429993,197.779999,194.720001,195,195,14242300
5/21/18,197.800003,199.789993,196.399994,197.639999,197.639999,13830500
5/22/18,198.300003,198.626999,195.699997,195.869995,195.869995,9700100
5/23/18,193.880005,196.899994,192.800995,196.800003,196.800003,12807400
5/24/18,198.119995,199.720001,195.697006,197.369995,197.369995,18527700
5/25/18,197.570007,201.5,197.210007,199.199997,199.199997,21270000
5/29/18,197.940002,202.279999,197,198,198,18768700
5/30/18,199.699997,200.539993,197.5,197.979996,197.979996,13930600
5/31/18,198,199.479996,196.850006,198.009995,198.009995,17982500
6/1/18,199.5,204.990005,199.449997,204.339996,204.339996,23131900
6/4/18,205.119995,209.75,204.729996,208.949997,208.949997,19357000
6/5/18,209.949997,211.699997,207.130005,208.369995,208.369995,17787700
6/6/18,209.860001,210.460007,207.289001,208.300003,208.300003,13800500
6/7/18,207.460007,209,200.880005,203.619995,203.619995,26747800
6/8/18,201.110001,206.229996,200.429993,205.070007,205.070007,17525200
6/11/18,206.5,207.600006,205.009995,205.699997,205.699997,12061400
6/12/18,206.949997,209.800003,206.899994,209.080002,209.080002,15910900
6/13/18,209.440002,209.649994,206.600006,206.619995,206.619995,13844200
6/14/18,207.720001,211.119995,207.509995,210.860001,210.860001,18838300
6/15/18,207.490005,210.080002,206.009995,208,208,28665600
6/18/18,205.160004,208.600006,203.880005,208.570007,208.570007,14645200
6/19/18,203.529999,204.509995,199.5,204.429993,204.429993,24484200
6/20/18,205.050003,207.229996,205.020004,206.229996,206.229996,15559600
6/21/18,205.839996,206,201.039993,202.210007,202.210007,13963800
6/22/18,203.380005,203.800003,200.25,202.009995,202.009995,9585000
6/25/18,197.850006,198.100006,187.860001,191.25,191.25,32750900
6/26/18,193.339996,193.660004,188.419998,191.419998,191.419998,20740400
6/27/18,193.460007,193.600006,184.889999,185.020004,185.020004,23887000
6/28/18,183.199997,188.960007,182.039993,188.380005,188.380005,19553800
6/29/18,185.360001,188.970001,184.259995,185.529999,185.529999,26023400
7/2/18,181.660004,186.360001,181.059998,186.360001,186.360001,17325900
7/3/18,187.880005,188.5,184.360001,184.75,184.75,11673700
7/5/18,187.169998,187.440002,182.899994,186.880005,186.880005,18412100
7/6/18,186.009995,192.490005,185.539993,192.270004,192.270004,17035600
7/9/18,194.449997,194.690002,190.869995,192.75,192.75,15466400
7/10/18,192.889999,195.130005,191.479996,192.550003,192.550003,12611400
7/11/18,188.600006,190.050003,187.419998,187.419998,187.419998,15947000
7/12/18,190.770004,192.580002,189.789993,190.169998,190.169998,17440400
7/13/18,191.610001,192.119995,189.300003,190.039993,190.039993,12550500
7/16/18,189.570007,191.369995,189.149994,190.350006,190.350006,12205600
7/17/18,188.649994,192.949997,187.899994,192.660004,192.660004,13270700
7/18/18,192.449997,193.229996,189.910004,190.789993,190.789993,10796600
7/19/18,188.679993,189.679993,186.869995,187.339996,187.339996,13373100
7/20/18,189.490005,189.5,186.610001,187.25,187.25,12807500
7/23/18,187.179993,187.809998,184.800003,187.039993,187.039993,10996200
7/24/18,190.190002,193.070007,188.350006,189,189,18414800
7/25/18,190.610001,198.350006,190.139999,197.979996,197.979996,20735400
7/26/18,193.210007,196.119995,192.619995,194.179993,194.179993,13885500
7/27/18,196.100006,196.270004,186.929993,189.419998,189.419998,19907100
7/30/18,190.220001,190.589996,182.059998,184.820007,184.820007,19906300
7/31/18,186.399994,188.947998,183.990005,187.229996,187.229996,17016600
8/1/18,186,189.059998,183.960007,185.270004,185.270004,14370700
8/2/18,181.539993,182.899994,179.779999,182.600006,182.600006,20976500
8/3/18,184.149994,184.5,180.080002,180.839996,180.839996,18185100
8/6/18,180.699997,180.860001,177.490005,178.619995,178.619995,35419000
8/7/18,180.289993,183,179.740005,179.919998,179.919998,20620300
8/8/18,180,180.179993,176.550003,177.520004,177.520004,21152400
8/9/18,179.309998,180.630005,176.759995,177.190002,177.190002,35220900
8/10/18,175.570007,180.449997,174.75,180.009995,180.009995,22049200
8/13/18,179.649994,180.649994,177,177.679993,177.679993,14674000
8/14/18,175.139999,176.199997,170.770004,172.529999,172.529999,38508600
8/15/18,167.110001,169.850006,165.389999,169.830002,169.830002,41278600
8/16/18,172.330002,175.699997,171.570007,171.990005,171.990005,34263300
8/17/18,172.520004,174.199997,168.380005,172.779999,172.779999,24695400
8/20/18,175.220001,178.860001,174.360001,176.289993,176.289993,25900700
8/21/18,177.630005,179.669998,176.970001,177.919998,177.919998,20337400
8/22/18,178.149994,179.740005,175.5,177.850006,177.850006,27138500
8/23/18,184.970001,186.5,171.910004,172.229996,172.229996,78843400
8/24/18,175,176.369995,172.449997,174.229996,174.229996,30442800
8/27/18,177.100006,180.880005,176.220001,180.649994,180.649994,23533800
8/28/18,182.149994,182.380005,177.5,178.190002,178.190002,15319000
8/29/18,179.350006,179.660004,176.830002,178.5,178.5,11892600
8/30/18,177.330002,178.100006,174.121994,174.600006,174.600006,17086200
8/31/18,173.110001,176.681,172.759995,175.009995,175.009995,13730800
9/4/18,173.5,173.949997,169,170.440002,170.440002,23450500
9/5/18,167.479996,168.279999,162.029999,164.229996,164.229996,35694700
9/6/18,164.160004,166.479996,158.669998,159.869995,159.869995,33052000
9/7/18,159.949997,164.610001,159.509995,162.369995,162.369995,19452400
9/10/18,158.589996,160.720001,155,156.360001,156.360001,39092700
9/11/18,153.179993,158.449997,152.850006,157.460007,157.460007,25884100
9/12/18,158.199997,162.820007,156.181,161.460007,161.460007,32490500
9/13/18,165.410004,167.220001,164.009995,165.529999,165.529999,25696500
9/14/18,167.880005,168,163.380997,164.740005,164.740005,23417700
9/17/18,161.5,161.649994,158.289001,158.889999,158.889999,20423200
9/18/18,156.880005,159.399994,155.520004,156.649994,156.649994,27240600
9/19/18,158.820007,163.130005,158.820007,162.630005,162.630005,23028300
9/20/18,166.889999,167.699997,164.716003,165.880005,165.880005,22818100
9/21/18,169.460007,169.839996,164.5,164.630005,164.630005,22081900
9/24/18,162.809998,163.399002,160.100006,163.160004,163.160004,13123400
9/25/18,164.050003,165.440002,162.830002,164.25,164.25,9588700
9/26/18,165.520004,167.389999,164.869995,165.399994,165.399994,13592500
9/27/18,166.389999,167.050003,164.919998,166.320007,166.320007,12689200
9/28/18,164.899994,165.660004,163.300003,164.759995,164.759995,10486500
10/1/18,165.919998,165.949997,161.559998,162,162,10615200
10/2/18,159.789993,161.028,158.270004,160.229996,160.229996,14730500
10/3/18,163.149994,164.539993,161.929993,162.369995,162.369995,13118800
10/4/18,160.059998,160.080002,153.869995,156.130005,156.130005,32176100
10/5/18,156.139999,157.119995,152.25,154.630005,154.630005,20271000
10/8/18,150.199997,152.636002,148.339996,151.139999,151.139999,25060400
10/9/18,147.970001,150.589996,146.470001,146.940002,146.940002,31070200
10/10/18,142.5,144,137.919998,138.289993,138.289993,55828800
10/11/18,135.529999,142.910004,135.139999,141.899994,141.899994,43210300
10/12/18,148.619995,149,144.520004,147.289993,147.289993,30764400
10/15/18,144.770004,145.690002,142.300003,144.160004,144.160004,18567100
10/16/18,145.710007,149.759995,145.259995,149.600006,149.600006,18365900
10/17/18,150.679993,150.679993,146.369995,148.139999,148.139999,16872400
10/18/18,145.850006,146.279999,140.800003,142.020004,142.020004,20618900
10/19/18,145.339996,146.770004,142.610001,142.929993,142.929993,14855100
10/22/18,148.990005,150.199997,146.100006,148.800003,148.800003,22589300
10/23/18,143.220001,147.509995,142.619995,146.649994,146.649994,19950500
10/24/18,145.179993,146.690002,139.339996,139.610001,139.610001,18512300
10/25/18,142.5,144.910004,141.009995,144.600006,144.600006,13655100
10/26/18,139,145.828995,138.550003,142.869995,142.869995,19476900
10/29/18,142.419998,144,131.360001,133.380005,133.380005,35121700
10/30/18,132.279999,136.399994,130.059998,136.330002,136.330002,25230000
10/31/18,141.350006,142.649994,139.139999,142.279999,142.279999,23654600
11/1/18,144.979996,152.317993,138.619995,151.25,151.25,47039300
11/2/18,152.559998,154.360001,146.279999,147.589996,147.589996,45985800
11/5/18,146.220001,149.369995,144.229996,144.639999,144.639999,16197300
11/6/18,145.869995,149.960007,145.324997,147.440002,147.440002,17849800
11/7/18,150.770004,152.800003,148.940002,152.5,152.5,17884400
11/8/18,150.990005,151.880005,146.690002,148.990005,148.990005,17067100
11/9/18,145.570007,145.720001,142.479996,144.850006,144.850006,16220000
11/12/18,145.009995,146.406006,139.970001,142.820007,142.820007,16516500
11/13/18,144.830002,149.940002,143.910004,146.979996,146.979996,19575100
11/14/18,150.210007,152.149994,148.440002,150.440002,150.440002,21786000
11/15/18,152.899994,157.399994,150.889999,156.220001,156.220001,30083500
11/16/18,155.039993,155.800003,152.141998,154.100006,154.100006,20039400
11/19/18,152.020004,153.210007,148.770004,149.529999,149.529999,18087800
11/20/18,144.479996,148.070007,142.820007,145.979996,145.979996,19473200
11/21/18,149.059998,151.479996,148.649994,149.410004,149.410004,14718600
11/23/18,147.300003,151.169998,147,150.330002,150.330002,7437500
11/26/18,153.210007,156.529999,152.369995,156.009995,156.009995,16152700
11/27/18,154.639999,157.940002,153.580002,156.460007,156.460007,17911800
11/28/18,159.009995,159.800003,155.259995,159.339996,159.339996,20767100
11/29/18,158.080002,159,153.539993,156.279999,156.279999,20532200
11/30/18,157.899994,160.860001,156.720001,160.860001,160.860001,35071200
12/3/18,168.639999,168.800003,163.509995,163.740005,163.740005,31174000
12/4/18,164.880005,164.979996,156.460007,158.339996,158.339996,22198600
12/6/18,153,155.869995,150.509995,155.830002,155.830002,25335500
12/7/18,155.399994,158.050003,151.729996,153.059998,153.059998,17447900
12/10/18,150.389999,152.809998,147.479996,151.429993,151.429993,15525500
12/11/18,155.259995,156.240005,150.899994,151.830002,151.830002,13651900
12/12/18,155.240005,156.169998,151.429993,151.5,151.5,16619200
12/13/18,153.050003,153.460007,150.520004,151.479996,151.479996,12255800
12/14/18,147.710007,150.699997,145.720001,149,149,15560700
12/17/18,146.5,147.940002,142.240005,143.979996,143.979996,15788100
12/18/18,144.279999,144.75,140.110001,140.820007,140.820007,17846600
12/19/18,141.039993,141.324997,135.729996,137.139999,137.139999,27657800
12/20/18,135.830002,137.755005,132.910004,135.110001,135.110001,24103800
12/21/18,137.080002,137.190002,130.229996,132,132,28790600
12/24/18,130,134.570007,129.770004,131.889999,131.889999,11240700
12/26/18,132.869995,138.020004,130.179993,138,138,14862400
12/27/18,135.050003,138.449997,133.889999,138.449997,138.449997,11457400
12/28/18,139.199997,140.979996,136.789993,139.089996,139.089996,11955300
12/31/18,141.830002,142.020004,136.039993,137.070007,137.070007,11186400
1/2/19,134.130005,137.748993,133.029999,136.699997,136.699997,16708400
1/3/19,134.270004,134.869995,129.830002,130.600006,130.600006,19531300
1/4/19,134.259995,141.080002,133.660004,139.75,139.75,22845400
1/7/19,140.550003,144.080002,139.009995,143.100006,143.100006,17239000
1/8/19,145,147.550003,142.059998,146.789993,146.789993,16487600
1/9/19,149.889999,153.350006,148.5,151.919998,151.919998,20214100
1/10/19,149.809998,152.029999,148.880005,151.690002,151.690002,14221100
1/11/19,151.830002,153.380005,150.139999,151.320007,151.320007,9589400
1/14/19,148.5,150.570007,146.539993,149.270004,149.270004,13356700
1/15/19,150.679993,154.169998,149.964005,150.880005,150.880005,15003100
1/16/19,152.809998,155.389999,151.5,154.839996,154.839996,14810800
1/17/19,152.110001,158.550003,151.899994,155.970001,155.970001,16153200
1/18/19,158.449997,159.490005,154.729996,157.020004,157.020004,19611400
1/22/19,154.399994,155.440002,150.207001,152.149994,152.149994,21295000
1/23/19,154.649994,155.179993,150.949997,152.029999,152.029999,10195800
1/24/19,151.470001,156,151.210007,155.860001,155.860001,10997900
1/25/19,158.910004,160.5,157.429993,159.210007,159.210007,16451800
1/28/19,157.800003,159.690002,155.300003,158.919998,158.919998,10141100
1/29/19,159.039993,160.375,155.919998,156.880005,156.880005,18348200
1/30/19,161.289993,167.839996,160.5,166.820007,166.820007,36997700
1/31/19,167.800003,169.729996,165.699997,168.490005,168.490005,21219500
2/1/19,168,169.399994,167.630005,167.970001,167.970001,10771500
2/4/19,166.320007,167.550003,165.610001,166.699997,166.699997,7380400
2/5/19,168.550003,171.949997,168,171.830002,171.830002,12801800
2/6/19,171.860001,173.089996,169.990005,171.520004,171.520004,11267800
2/7/19,169.160004,169.610001,164.335999,166.960007,166.960007,11911100
2/8/19,163.830002,167.649994,163.75,167.360001,167.360001,8331500
2/11/19,168.850006,170.330002,167.449997,167.449997,167.449997,7260300
2/12/19,169.600006,170.490005,168.610001,168.710007,168.710007,8594400
2/13/19,169.910004,171.050003,168.990005,169.399994,169.399994,8661800
2/14/19,167.639999,168.5,166.610001,168.380005,168.380005,8722100
2/15/19,168.610001,168.770004,165.410004,166.149994,166.149994,12099500
2/19/19,166.979996,171.149994,166.5,170.179993,170.179993,12982300
2/20/19,171,172.679993,170.610001,170.710007,170.710007,12454900
2/21/19,171,171.779999,169.800003,171.660004,171.660004,8434800
2/22/19,172.800003,177.020004,172.520004,176.919998,176.919998,16175600
2/25/19,181.259995,183.720001,180.729996,183.25,183.25,22831800
2/26/19,179.789993,184.350006,179.369995,183.539993,183.539993,13871000
2/27/19,181.720001,184.929993,180.880005,184.580002,184.580002,16741600
2/28/19,183.009995,184.300003,181.470001,183.029999,183.029999,12370400
3/1/19,185.089996,186.899994,183.380005,183.880005,183.880005,14348500
3/4/19,186,187.339996,184.460007,187.25,187.25,14761700
3/5/19,186.940002,188.080002,185,185,185,11513200
3/6/19,184.380005,185.589996,183.020004,184.169998,184.169998,10009100
3/7/19,180.910004,181.800003,176.729996,177.320007,177.320007,16488900
3/8/19,171.565002,175.350006,171.565002,175.029999,175.029999,14674200
3/11/19,177.830002,181.720001,177.580002,180.410004,180.410004,13764000
3/12/19,182.039993,182.179993,179.509995,180.630005,180.630005,8660000
3/13/19,180.729996,182.535004,179.259995,180.699997,180.699997,8868200
3/14/19,179.059998,180.820007,178.009995,180.360001,180.360001,9272000
3/15/19,180.660004,181.449997,179.660004,180.970001,180.970001,10844100
3/18/19,181.929993,182.889999,180.759995,181.830002,181.830002,7847800
3/19/19,181.630005,183.360001,180.850006,182.139999,182.139999,10238600
3/20/19,180.940002,181.949997,178.429993,181.279999,181.279999,15901500
3/21/19,178.949997,181.729996,178.520004,181.5,181.5,9754500
3/22/19,179.770004,180.479996,175.335999,176.259995,176.259995,11688400
3/25/19,174.330002,178.899994,174.100006,178.770004,178.770004,7511400
3/26/19,179.699997,180.649994,177.095001,178.080002,178.080002,7897900
3/27/19,177.699997,179.830002,176.912994,177.029999,177.029999,8371000
3/28/19,177.470001,178.529999,175.970001,177.729996,177.729996,7146800
3/29/19,180.729996,182.600006,179,182.449997,182.449997,13850900
4/1/19,185.089996,185.559998,180.889999,180.889999,180.889999,12714800
4/2/19,181.460007,183.563004,180.949997,181.740005,181.740005,8021500
4/3/19,179.509995,180.699997,176.759995,178.320007,178.320007,26811600
4/4/19,177.039993,181.960007,176.889999,181.070007,181.070007,16993200
4/5/19,182.509995,185.5,182,185.350006,185.350006,18705000
4/8/19,184.190002,187.820007,184.009995,186.5,186.5,14725600
4/9/19,186.490005,187.889999,186.160004,187.190002,187.190002,11578200
4/10/19,186.690002,187.399994,184,186.190002,186.190002,10655000
4/11/19,185.149994,186.059998,183.75,184.979996,184.979996,8900300
4/12/19,187.710007,189.789993,187.139999,188.910004,188.910004,12600000
4/15/19,188.059998,188.169998,182.559998,183.070007,183.070007,14616600
4/16/19,185.550003,185.789993,183.399994,185.779999,185.779999,12195900
4/17/19,187.339996,188.199997,185.779999,187.550003,187.550003,11614200
4/18/19,186.410004,187.279999,185.389999,186.940002,186.940002,7882500
4/22/19,184.5,186.470001,183.610001,185.380005,185.380005,8677800
4/23/19,186,188.149994,185.440002,187.289993,187.289993,11410600
4/24/19,186.759995,186.899994,184.580002,185.669998,185.669998,9085300
4/25/19,185.240005,188.130005,183.955002,187.880005,187.880005,10328900
4/26/19,187.880005,188.740005,185.509995,187.089996,187.089996,9421100
4/29/19,187.419998,188,185.759995,186.940002,186.940002,8660600
4/30/19,186.300003,188.25,183.820007,185.570007,185.570007,15076500
5/1/19,186.75,193.195007,185.880005,189.309998,189.309998,17397500
5/2/19,189.419998,192.699997,186.649994,190.389999,190.389999,11468100
5/3/19,191.880005,195.720001,191.880005,195.210007,195.210007,14521100
5/6/19,185.169998,189,184.830002,188.240005,188.240005,23941200
5/7/19,186.050003,186.449997,179.630005,181.429993,181.429993,22663200
5/8/19,180.949997,183.199997,178.580002,179.589996,179.589996,16611100
5/9/19,175.429993,180.695007,173.070007,179.039993,179.039993,22727800
5/10/19,180.179993,180.789993,174.100006,178,178,18987000
5/13/19,169.789993,172.470001,168.779999,170.009995,170.009995,22330700
5/14/19,172.75,175.149994,171.479996,174.839996,174.839996,17874100
5/15/19,177.059998,180.240005,173.320999,177.600006,177.600006,37610400
5/16/19,178.179993,178.25,174.75,175.570007,175.570007,20579200
5/17/19,171.690002,172.289993,168.490005,169.570007,169.570007,22539400
5/20/19,164.440002,164.570007,160.020004,160.649994,160.649994,33413800
5/21/19,163.160004,165.589996,162.520004,163.429993,163.429993,22006100
5/22/19,162.410004,162.820007,158.070007,158.830002,158.830002,25831200
5/23/19,155.449997,158.479996,154.410004,156,156,26891900
5/24/19,157.615005,158.429993,154.899994,155,155,21489700
5/28/19,156.399994,157.070007,153.220001,154.809998,154.809998,38603000
5/29/19,153.580002,154.384995,150.710007,152.479996,152.479996,30073100
5/30/19,152.360001,153.369995,150.25,151.070007,151.070007,17344700
5/31/19,149.630005,150.679993,147.949997,149.259995,149.259995,26881200
6/3/19,149.600006,151.770004,148.845001,149.910004,149.910004,25254400
6/4/19,151.559998,155.199997,150.639999,154.149994,154.149994,27417200
6/5/19,155.169998,156.110001,149.309998,151.649994,151.649994,23208600
6/6/19,152,152.699997,150.570007,151.5,151.5,15763000
6/7/19,152.949997,155.690002,152.214005,154.229996,154.229996,17817800
6/10/19,158.779999,161.979996,157.399994,159.850006,159.850006,36473300
6/11/19,164.199997,165.679993,161.925003,162.649994,162.649994,23408400
6/12/19,160.470001,161.699997,158.809998,160.039993,160.039993,16329300
6/13/19,160.550003,161.320007,159.800003,160.330002,160.330002,17571400
6/14/19,158.369995,158.710007,157.229996,158.100006,158.100006,14981600
6/17/19,157.529999,160.550003,157.419998,159.910004,159.910004,16079800
6/18/19,162.889999,169.110001,161.949997,165.509995,165.509995,35754800
6/19/19,167.770004,167.899994,163.419998,165.460007,165.460007,20798100
6/20/19,170.190002,170.479996,166.274994,168.25,168.25,24004700
6/21/19,167.479996,169.470993,166.770004,167.550003,167.550003,17415800
6/24/19,168.399994,168.880005,165.779999,168.100006,168.100006,18422600
6/25/19,167.039993,167.339996,164.619995,165.800003,165.800003,20439200